,datatime,title,sentiment score
0,2/28/2025 5:00:29 PM,"Dell reports mixed Q4 results, Intel delays Ohio chip factory: Morning Buzz",0
1,2/28/2025 5:23:32 PM,"Nvidia (NVDA) Stock Rebounds from Post-Earnings Selloff, Retakes $3 Trillion Market Cap",0
2,3/3/2025 8:32:50 AM,Chinese and European Stocks Outshine U.S. Tech as “Magnificent Seven” Lose Momentum,0
3,3/3/2025 10:51:44 AM,"Apple late to AI game, Bloomberg reports",0
4,3/3/2025 11:11:33 AM,"Analysts Offer Insights on Technology Companies: Apple (AAPL), Check Point (CHKP) and Hewlett Packard Enterprise (HPE)",0
5,3/3/2025 1:08:48 PM,Apple (AAPL) Stock Slips After it is Slammed for Being”Half a Decade Behind” on AI,0
6,3/3/2025 1:38:49 PM,Apple (AAPL): New Buy Recommendation for This Technology Giant,0
7,3/3/2025 1:50:54 PM,"Apple’s iPhone ceded market share in China, Europe in January, says UBS",0
8,3/3/2025 2:22:40 PM,"Broadcom, Marvell, Credo could 'reenergize' AI trade, BofA says",0
9,3/3/2025 4:06:51 PM,Apple CEO teases ‘something in the Air’ this week,0
10,3/3/2025 5:11:24 PM,"Trump announces crypto reserve, Kroger CEO resigns: Morning Buzz",0
11,3/3/2025 5:44:25 PM,Is a $100B TSMC U.S. Manufacturing Investment on the Horizon?,0
12,3/3/2025 6:02:56 PM,"Apple’s iPhone 16e Is Likely to Underwhelm, Says Jefferies",0
13,3/3/2025 6:30:36 PM,"AI Daily: Analyst sees Apple, Alibaba partnership as growth catalyst",0
14,3/3/2025 9:16:57 PM,"Nvidia sinks, chips tumble amid China fears, Trump tariffs",0
15,3/4/2025 6:31:20 AM,Apple’s ‘Something in the Air’ Tease Sparks M4 MacBook Air Buzz,0
16,3/4/2025 7:57:10 AM,Trump Confirms Taiwan Semi’s (TSM) $100B U.S. Investment and Six Fabrication Plants,0
17,3/4/2025 9:56:01 AM,Wedbush Sticks to Buy Rating on Apple (AAPL) Stock as Alibaba Deal Unlocks AI Growth,0
18,3/4/2025 11:20:40 AM,U.S. Tariffs Take Effect Today as Wall Street Braces for Impact,0
19,3/4/2025 12:26:00 PM,J.P. Morgan Sticks to Their Buy Rating for Apple (AAPL),0
20,3/4/2025 2:11:56 PM,Apple introduces iPad Air with M3 chip,0
21,3/4/2025 2:28:55 PM,Is PayPal’s Turnaround Enough to Win Back Investors?,0
22,3/4/2025 3:08:09 PM,Temporary Setback Opens Door for Buy-The-Dip Idea on Microsoft (MSFT) Stock,0
23,3/4/2025 4:56:36 PM,"Target reports Q4 beat, Walgreens reportedly near go-private deal: Morning Buzz",0
24,3/4/2025 5:51:22 PM,"Apple files legal complaint to fight U.K.’s ‘back door’ order, FT reports",0
25,3/4/2025 6:01:42 PM,"iPad Air, iPad Get Upgrades at Apple (NASDAQ:AAPL)",0
26,3/4/2025 9:49:41 PM,"Apple (AAPL) Is the Best Technology Stock to Own in a Trade War, Says Evercore ISI",0
27,3/5/2025 4:41:10 AM,"AAPL, NVDA, or PLTR: Which Tech Stock Is the Most Attractive Pick?",0
28,3/5/2025 4:53:48 AM,Apple Challenges UK Government’s “Back Door” Order to Protect Users’ Data,0
29,3/5/2025 6:02:56 AM,Alphabet Pleads with Trump Government to Reconsider Breaking Up Google (GOOGL),0
30,3/5/2025 9:00:55 AM,Broadcom (AVGO) Is About to Report Q1 Earnings Tomorrow. Here’s What to Expect,0
31,3/5/2025 11:26:29 AM,"Apple App Store revenue up 14% in fiscal Q2-to-date, says BofA",0
32,3/5/2025 12:41:23 PM,Political Squabbling Cannot Slow TSMC’s Semiconductor Surge,0
33,3/5/2025 1:01:04 PM,TipRanks Launches the World’s Most Comprehensive AI Stock Analyst,0
34,3/5/2025 2:12:10 PM,Apple introduces new MacBook Air,0
35,3/5/2025 2:16:32 PM,Apple introduces M3 Ultra,0
36,3/5/2025 2:17:10 PM,Apple introduces new Mac Studio,0
37,3/5/2025 3:43:23 PM,Apple (AAPL) Launches Cheaper MacBook Air,0
38,3/5/2025 4:53:04 PM,"Market selloff is 'more than tariffs,' but don’t go bear on beaten down sectors – Landsberg Bennett",0
39,3/5/2025 6:30:57 PM,"SiTime strength tied to apparent content in iPhone 16e, says Wolfe Research",0
40,3/5/2025 7:08:10 PM,SiTime jumps as CEO says chips in iPhone 16e,0
41,3/5/2025 10:55:49 PM,"Apple’s new products support revenue growth, says Goldman Sachs",0
42,3/6/2025 12:21:00 PM,"Hon Hai Precision reports February revenue NT$551.4B, up 56.4% y/y, up 2.4% m/m",0
43,3/6/2025 1:55:59 PM,Notable open interest changes for March 6th,0
44,3/6/2025 3:00:00 PM,EEOC Chairman Backs President Trump’s Anti-DEI Policies,0
45,3/6/2025 8:13:20 PM,Alphabet (GOOGL) Gets Subpoenaed as Republicans Investigate Biden-Harris Censorship,0
46,3/6/2025 8:56:17 PM,"A Foldable iPhone from Apple (AAPL) Is Coming, Predicts Analyst",0
47,3/7/2025 9:47:30 AM,Apple (AAPL) Clears Hurdle to Sell iPhone 16 in Indonesia,0
48,3/7/2025 11:06:33 AM,"Apple to start mass producing foldable iPhone in 4Q26, says analyst Ming-Chi Kuo",0
49,3/7/2025 11:36:20 AM,Broadcom price target raised to $275 from $260 at KeyBanc,0
